,user_id,first_name,last_name,age,city,reg_date,plan,churn_date
0,1000,Anamaria,Bauer,45,"Atlanta-Sandy Springs-Roswell, GA MSA",2018-12-24,ultimate,
1,1001,Mickey,Wilkerson,28,"Seattle-Tacoma-Bellevue, WA MSA",2018-08-13,surf,
2,1002,Carlee,Hoffman,36,"Las Vegas-Henderson-Paradise, NV MSA",2018-10-21,surf,
3,1003,Reynaldo,Jenkins,52,"Tulsa, OK MSA",2018-01-28,surf,
4,1004,Leonila,Thompson,40,"Seattle-Tacoma-Bellevue, WA MSA",2018-05-23,surf,
5,1005,Livia,Shields,31,"Dallas-Fort Worth-Arlington, TX MSA",2018-11-29,surf,
6,1006,Jesusa,Bradford,73,"San Francisco-Oakland-Berkeley, CA MSA",2018-11-27,ultimate,2018-12-18
7,1007,Eusebio,Welch,42,"Grand Rapids-Kentwood, MI MSA",2018-07-11,surf,
8,1008,Emely,Hoffman,53,"Orlando-Kissimmee-Sanford, FL MSA",2018-08-03,ultimate,
9,1009,Gerry,Little,19,"San Jose-Sunnyvale-Santa Clara, CA MSA",2018-04-22,surf,
10,1010,Wilber,Blair,52,"Dallas-Fort Worth-Arlington, TX MSA",2018-03-09,surf,
11,1011,Halina,Henry,73,"Cleveland-Elyria, OH MSA",2018-01-18,ultimate,
12,1012,Jonelle,Mcbride,59,"Chicago-Naperville-Elgin, IL-IN-WI MSA",2018-06-28,surf,2018-11-16
13,1013,Nicolas,Snider,50,"Knoxville, TN MSA",2018-12-01,ultimate,
14,1014,Edmundo,Simon,61,"New York-Newark-Jersey City, NY-NJ-PA MSA",2018-11-25,surf,
15,1015,Beata,Carpenter,26,"Pittsburgh, PA MSA",2018-12-05,surf,
16,1016,Jann,Salinas,30,"Fresno, CA MSA",2018-10-25,surf,
17,1017,Boris,Gates,61,"Washington-Arlington-Alexandria, DC-VA-MD-WV MSA",2018-08-26,surf,
18,1018,Dennis,Grimes,70,"Indianapolis-Carmel-Anderson, IN MSA",2018-10-17,surf,
19,1019,Shizue,Landry,34,"Jacksonville, FL MSA",2018-01-16,surf,
20,1020,Rutha,Bell,56,"Dallas-Fort Worth-Arlington, TX MSA",2018-11-08,surf,
21,1021,Ricarda,Booker,37,"Los Angeles-Long Beach-Anaheim, CA MSA",2018-12-21,surf,
22,1022,Bo,Snow,73,"New York-Newark-Jersey City, NY-NJ-PA MSA",2018-04-20,surf,2018-09-07
23,1023,Jack,Delaney,70,"Omaha-Council Bluffs, NE-IA MSA",2018-07-06,surf,
24,1024,Yuki,Tyson,74,"New York-Newark-Jersey City, NY-NJ-PA MSA",2018-08-21,surf,
25,1025,Jess,Wilkinson,64,"Atlanta-Sandy Springs-Roswell, GA MSA",2018-10-28,ultimate,
26,1026,Meggan,Hamilton,49,"Houston-The Woodlands-Sugar Land, TX MSA",2018-07-20,ultimate,
27,1027,Georgeanna,Cardenas,38,"New York-Newark-Jersey City, NY-NJ-PA MSA",2018-06-26,surf,
28,1028,Jefferey,Rasmussen,57,"Philadelphia-Camden-Wilmington, PA-NJ-DE-MD MSA",2018-02-21,ultimate,
29,1029,Franklyn,Henson,59,"Tampa-St. Petersburg-Clearwater, FL MSA",2018-01-05,surf,
30,1030,Chase,Kane,30,"Chicago-Naperville-Elgin, IL-IN-WI MSA",2018-02-14,ultimate,
31,1031,Lane,Martin,52,"New York-Newark-Jersey City, NY-NJ-PA MSA",2018-07-15,ultimate,
32,1032,Delila,Dalton,59,"Birmingham-Hoover, AL MSA",2018-06-07,ultimate,
33,1033,Latoyia,Moran,28,"Oklahoma City, OK MSA",2018-05-30,ultimate,
34,1034,Jc,Gentry,22,"New York-Newark-Jersey City, NY-NJ-PA MSA",2018-08-13,surf,
35,1035,Jeff,Cummings,67,"Charlotte-Concord-Gastonia, NC-SC MSA",2018-12-08,surf,
36,1036,Myron,Hodge,70,"Denver-Aurora-Lakewood, CO MSA",2018-05-09,ultimate,
37,1037,Reena,Velazquez,20,"Seattle-Tacoma-Bellevue, WA MSA",2018-08-11,ultimate,
38,1038,Olympia,Velazquez,32,"Nashville-Davidson–Murfreesboro–Franklin, TN MSA",2018-06-25,ultimate,
39,1039,Flo,Hicks,56,"Columbus, OH MSA",2018-05-30,ultimate,
40,1040,Paris,Santos,72,"Philadelphia-Camden-Wilmington, PA-NJ-DE-MD MSA",2018-12-23,surf,2018-12-30
41,1041,Drucilla,Lynn,58,"Las Vegas-Henderson-Paradise, NV MSA",2018-03-17,ultimate,
42,1042,Clementina,Mclaughlin,40,"Philadelphia-Camden-Wilmington, PA-NJ-DE-MD MSA",2018-01-15,surf,
43,1043,Carlos,Hinton,42,"New York-Newark-Jersey City, NY-NJ-PA MSA",2018-06-20,ultimate,
44,1044,Devora,Galloway,74,"Albuquerque, NM MSA",2018-08-30,surf,
45,1045,Barney,Ortega,20,"New York-Newark-Jersey City, NY-NJ-PA MSA",2018-10-15,surf,
46,1046,Beata,Hooper,67,"Boston-Cambridge-Newton, MA-NH MSA",2018-02-19,surf,
47,1047,Yuk,French,22,"Indianapolis-Carmel-Anderson, IN MSA",2018-06-16,ultimate,
48,1048,Linwood,Terrell,42,"Miami-Fort Lauderdale-West Palm Beach, FL MSA",2018-08-24,surf,
49,1049,Loise,Avery,25,"New York-Newark-Jersey City, NY-NJ-PA MSA",2018-02-21,surf,
50,1050,Jone,Owen,23,"Miami-Fort Lauderdale-West Palm Beach, FL MSA",2018-03-20,ultimate,2018-10-07
51,1051,Rosario,Gibbs,55,"San Diego-Chula Vista-Carlsbad, CA MSA",2018-12-11,surf,
52,1052,Edmond,Hopkins,47,"Houston-The Woodlands-Sugar Land, TX MSA",2018-03-05,surf,
53,1053,Piper,Espinoza,27,"New York-Newark-Jersey City, NY-NJ-PA MSA",2018-07-30,surf,
54,1054,Denis,Frost,50,"Phoenix-Mesa-Chandler, AZ MSA",2018-04-21,surf,2018-12-31
55,1055,Patrick,Mclean,52,"Portland-Vancouver-Hillsboro, OR-WA MSA",2018-01-13,surf,
56,1056,Denis,Chandler,33,"Cincinnati, OH-KY-IN MSA",2018-03-01,surf,
57,1057,Theo,Sargent,18,"Atlanta-Sandy Springs-Roswell, GA MSA",2018-08-07,ultimate,
58,1058,Reinaldo,Colon,59,"Los Angeles-Long Beach-Anaheim, CA MSA",2018-11-06,surf,
59,1059,Avril,Richardson,34,"Chicago-Naperville-Elgin, IL-IN-WI MSA",2018-04-22,ultimate,
60,1060,Denisse,Santos,53,"Atlanta-Sandy Springs-Roswell, GA MSA",2018-04-07,surf,
61,1061,Maryam,Valencia,38,"Columbia, SC MSA",2018-03-08,ultimate,
62,1062,Kristeen,Head,41,"San Antonio-New Braunfels, TX MSA",2018-02-06,ultimate,
63,1063,Larhonda,Hartman,60,"New York-Newark-Jersey City, NY-NJ-PA MSA",2018-11-05,ultimate,
64,1064,Gerardo,Ashley,46,"New York-Newark-Jersey City, NY-NJ-PA MSA",2018-06-03,surf,
65,1065,Sherlyn,Noel,26,"Los Angeles-Long Beach-Anaheim, CA MSA",2018-08-03,surf,
66,1066,Ariel,Woods,61,"Boston-Cambridge-Newton, MA-NH MSA",2018-03-08,surf,
67,1067,Robt,Allen,37,"Grand Rapids-Kentwood, MI MSA",2018-09-24,surf,2018-11-24
68,1068,Marcel,Jimenez,47,"New York-Newark-Jersey City, NY-NJ-PA MSA",2018-01-29,surf,
69,1069,Dino,Fry,31,"Houston-The Woodlands-Sugar Land, TX MSA",2018-09-17,ultimate,
70,1070,Jacelyn,Contreras,66,"Chicago-Naperville-Elgin, IL-IN-WI MSA",2018-05-12,surf,
71,1071,Isa,Roy,29,"New York-Newark-Jersey City, NY-NJ-PA MSA",2018-05-23,surf,
72,1072,Seymour,Spence,66,"Dallas-Fort Worth-Arlington, TX MSA",2018-07-12,surf,
73,1073,Grady,Crawford,30,"Chicago-Naperville-Elgin, IL-IN-WI MSA",2018-04-06,surf,
74,1074,Particia,Fuller,69,"Knoxville, TN MSA",2018-11-26,ultimate,
75,1075,Salena,Bates,35,"Philadelphia-Camden-Wilmington, PA-NJ-DE-MD MSA",2018-08-06,surf,
76,1076,Ronny,Browning,51,"Buffalo-Cheektowaga, NY MSA",2018-07-29,surf,
77,1077,Chau,Webster,23,"Charlotte-Concord-Gastonia, NC-SC MSA",2018-01-14,ultimate,
78,1078,Earnest,Gray,47,"Seattle-Tacoma-Bellevue, WA MSA",2018-02-11,surf,
79,1079,Brian,Mccall,48,"New York-Newark-Jersey City, NY-NJ-PA MSA",2018-01-26,surf,
80,1080,Neal,Mcgee,45,"New York-Newark-Jersey City, NY-NJ-PA MSA",2018-08-03,surf,
81,1081,Grayce,Sears,44,"Dallas-Fort Worth-Arlington, TX MSA",2018-04-27,surf,
82,1082,Dominic,Witt,64,"Memphis, TN-MS-AR MSA",2018-04-15,surf,
83,1083,Lyndia,Acevedo,65,"Los Angeles-Long Beach-Anaheim, CA MSA",2018-10-26,surf,2018-12-18
84,1084,Wiley,Mckinney,21,"Miami-Fort Lauderdale-West Palm Beach, FL MSA",2018-06-04,surf,2018-11-11
85,1085,Ignacio,Bennett,48,"Atlanta-Sandy Springs-Roswell, GA MSA",2018-07-19,ultimate,
86,1086,Adena,Macias,36,"New York-Newark-Jersey City, NY-NJ-PA MSA",2018-01-13,ultimate,
87,1087,Lenard,Atkinson,45,"Washington-Arlington-Alexandria, DC-VA-MD-WV MSA",2018-11-18,surf,
88,1088,Paris,Robertson,64,"Phoenix-Mesa-Chandler, AZ MSA",2018-05-27,ultimate,
89,1089,Malena,Kelley,70,"Philadelphia-Camden-Wilmington, PA-NJ-DE-MD MSA",2018-09-03,surf,
90,1090,Brock,Skinner,30,"Indianapolis-Carmel-Anderson, IN MSA",2018-05-12,surf,
91,1091,Taylor,Oliver,38,"Riverside-San Bernardino-Ontario, CA MSA",2018-05-04,ultimate,
92,1092,Taren,Strickland,26,"Dallas-Fort Worth-Arlington, TX MSA",2018-12-10,surf,
93,1093,Karima,Hampton,69,"Nashville-Davidson–Murfreesboro–Franklin, TN MSA",2018-12-17,surf,
94,1094,Walter,Petersen,54,"Los Angeles-Long Beach-Anaheim, CA MSA",2018-10-30,surf,2018-12-12
95,1095,Lilliam,Alvarado,55,"Louisville/Jefferson County, KY-IN MSA",2018-04-21,surf,
96,1096,Song,Cline,28,"New York-Newark-Jersey City, NY-NJ-PA MSA",2018-12-22,ultimate,
97,1097,Deandre,Powell,27,"Washington-Arlington-Alexandria, DC-VA-MD-WV MSA",2018-02-26,surf,
98,1098,Collin,Sims,33,"Albany-Schenectady-Troy, NY MSA",2018-08-14,surf,
99,1099,Shavon,Banks,48,"New York-Newark-Jersey City, NY-NJ-PA MSA",2018-02-26,surf,
100,1100,Aaron,Rowe,65,"New York-Newark-Jersey City, NY-NJ-PA MSA",2018-02-13,surf,
101,1101,Sage,Conley,27,"Washington-Arlington-Alexandria, DC-VA-MD-WV MSA",2018-02-08,surf,
102,1102,Marquitta,Walton,30,"Riverside-San Bernardino-Ontario, CA MSA",2018-02-20,ultimate,
103,1103,Moises,Weeks,28,"Seattle-Tacoma-Bellevue, WA MSA",2018-07-01,surf,
104,1104,Thurman,Stephens,20,"Chicago-Naperville-Elgin, IL-IN-WI MSA",2018-12-23,ultimate,
105,1105,Micheal,Poole,57,"Providence-Warwick, RI-MA MSA",2018-01-08,surf,
106,1106,Eddy,Garrison,47,"New York-Newark-Jersey City, NY-NJ-PA MSA",2018-05-10,surf,2018-11-14
107,1107,Lane,Cash,61,"New York-Newark-Jersey City, NY-NJ-PA MSA",2018-11-15,ultimate,
108,1108,Porfirio,Kane,45,"Salt Lake City, UT MSA",2018-12-30,ultimate,
109,1109,Dominic,Salinas,41,"New York-Newark-Jersey City, NY-NJ-PA MSA",2018-02-16,surf,
110,1110,Anderson,Cotton,65,"Washington-Arlington-Alexandria, DC-VA-MD-WV MSA",2018-04-20,surf,
111,1111,Booker,Hahn,75,"Urban Honolulu, HI MSA",2018-09-17,surf,
112,1112,Amal,Pacheco,18,"Grand Rapids-Kentwood, MI MSA",2018-10-08,ultimate,
113,1113,Spencer,Powers,27,"New York-Newark-Jersey City, NY-NJ-PA MSA",2018-06-04,ultimate,
114,1114,Esta,Estes,55,"New York-Newark-Jersey City, NY-NJ-PA MSA",2018-07-21,surf,
115,1115,Yevette,Yang,21,"El Paso, TX MSA",2018-11-19,surf,
116,1116,Moriah,Yates,60,"Cincinnati, OH-KY-IN MSA",2018-08-08,surf,
117,1117,Hank,Taylor,49,"Dallas-Fort Worth-Arlington, TX MSA",2018-01-24,surf,
118,1118,Deane,Ramirez,28,"Columbus, OH MSA",2018-12-08,surf,
119,1119,Anderson,Palmer,60,"Louisville/Jefferson County, KY-IN MSA",2018-10-05,surf,
120,1120,Abraham,Mcconnell,33,"New York-Newark-Jersey City, NY-NJ-PA MSA",2018-04-03,surf,
121,1121,Kathaleen,Albert,34,"Miami-Fort Lauderdale-West Palm Beach, FL MSA",2018-03-13,surf,
122,1122,Lashay,Reese,57,"Miami-Fort Lauderdale-West Palm Beach, FL MSA",2018-03-04,surf,
123,1123,Dierdre,Nash,66,"Philadelphia-Camden-Wilmington, PA-NJ-DE-MD MSA",2018-04-19,surf,
124,1124,Jenell,Navarro,48,"New Haven-Milford, CT MSA",2018-02-19,ultimate,
125,1125,Assunta,Carver,39,"North Port-Sarasota-Bradenton, FL MSA",2018-08-16,surf,
126,1126,Jermaine,Mcguire,68,"Chicago-Naperville-Elgin, IL-IN-WI MSA",2018-06-02,ultimate,
127,1127,Marchelle,Brock,28,"New York-Newark-Jersey City, NY-NJ-PA MSA",2018-06-23,surf,
128,1128,Lucius,Fernandez,41,"Knoxville, TN MSA",2018-01-25,ultimate,
129,1129,Marin,Bolton,70,"Baton Rouge, LA MSA",2018-11-10,surf,2018-12-27
130,1130,Clarence,Cunningham,27,"Philadelphia-Camden-Wilmington, PA-NJ-DE-MD MSA",2018-05-17,surf,
131,1131,Shane,Morrison,60,"Los Angeles-Long Beach-Anaheim, CA MSA",2018-01-07,surf,
132,1132,Edward,Roberts,39,"San Francisco-Oakland-Berkeley, CA MSA",2018-04-14,ultimate,
133,1133,Larry,Barr,50,"Cincinnati, OH-KY-IN MSA",2018-07-21,ultimate,
134,1134,Shannon,Nichols,71,"Chicago-Naperville-Elgin, IL-IN-WI MSA",2018-09-03,surf,
135,1135,Scotty,White,51,"Miami-Fort Lauderdale-West Palm Beach, FL MSA",2018-12-23,ultimate,
136,1136,Jasper,Caldwell,25,"Knoxville, TN MSA",2018-10-14,surf,
137,1137,Allegra,Hopkins,20,"Chicago-Naperville-Elgin, IL-IN-WI MSA",2018-10-02,surf,
138,1138,Arlie,Higgins,66,"Riverside-San Bernardino-Ontario, CA MSA",2018-02-06,surf,
139,1139,Thomas,Lawson,66,"New Orleans-Metairie, LA MSA",2018-11-18,surf,
140,1140,Randolph,Graves,53,"New York-Newark-Jersey City, NY-NJ-PA MSA",2018-03-26,surf,
141,1141,Kirstie,Hodges,46,"New York-Newark-Jersey City, NY-NJ-PA MSA",2018-06-26,surf,
142,1142,Charlesetta,Dillard,18,"New Orleans-Metairie, LA MSA",2018-08-23,surf,
143,1143,Lorina,Stevens,69,"Cincinnati, OH-KY-IN MSA",2018-10-26,surf,
144,1144,Kaycee,Peterson,65,"New York-Newark-Jersey City, NY-NJ-PA MSA",2018-04-21,ultimate,
145,1145,Venice,Brooks,29,"San Jose-Sunnyvale-Santa Clara, CA MSA",2018-04-12,surf,
146,1146,Loma,Mcneil,42,"New York-Newark-Jersey City, NY-NJ-PA MSA",2018-10-13,surf,
147,1147,Duncan,Malone,71,"Urban Honolulu, HI MSA",2018-04-30,surf,
148,1148,Dwana,Moore,67,"Columbia, SC MSA",2018-11-04,surf,
149,1149,Jamaal,Camacho,54,"San Francisco-Oakland-Berkeley, CA MSA",2018-03-03,surf,
150,1150,Earlie,Giles,46,"Houston-The Woodlands-Sugar Land, TX MSA",2018-09-19,ultimate,
151,1151,Ralph,Monroe,21,"New York-Newark-Jersey City, NY-NJ-PA MSA",2018-03-20,surf,
152,1152,Merrill,Hogan,35,"Orlando-Kissimmee-Sanford, FL MSA",2018-11-01,surf,
153,1153,Kathaleen,Crawford,30,"Bridgeport-Stamford-Norwalk, CT MSA",2018-06-19,surf,
154,1154,Humberto,Pruitt,53,"Nashville-Davidson–Murfreesboro–Franklin, TN MSA",2018-07-18,ultimate,
155,1155,Claude,Hahn,19,"Miami-Fort Lauderdale-West Palm Beach, FL MSA",2018-02-21,ultimate,
156,1156,Anette,Chambers,71,"Albuquerque, NM MSA",2018-03-25,surf,
157,1157,Luciano,Sheppard,63,"Los Angeles-Long Beach-Anaheim, CA MSA",2018-07-02,surf,
158,1158,Robin,Thornton,20,"Virginia Beach-Norfolk-Newport News, VA-NC MSA",2018-11-30,ultimate,
159,1159,Dierdre,Baker,58,"Miami-Fort Lauderdale-West Palm Beach, FL MSA",2018-07-21,ultimate,
160,1160,Steven,Morgan,44,"Portland-Vancouver-Hillsboro, OR-WA MSA",2018-02-05,surf,
161,1161,Florance,Estrada,52,"New York-Newark-Jersey City, NY-NJ-PA MSA",2018-11-27,ultimate,
162,1162,Mark,Farley,20,"Los Angeles-Long Beach-Anaheim, CA MSA",2018-07-12,ultimate,
163,1163,Lanie,Washington,27,"Los Angeles-Long Beach-Anaheim, CA MSA",2018-01-12,ultimate,
164,1164,Kam,Macias,31,"Chicago-Naperville-Elgin, IL-IN-WI MSA",2018-02-17,ultimate,
165,1165,Nigel,Huber,20,"Philadelphia-Camden-Wilmington, PA-NJ-DE-MD MSA",2018-10-27,surf,
166,1166,Kaycee,Bryant,26,"Baltimore-Columbia-Towson, MD MSA",2018-05-07,surf,
167,1167,Rebbecca,Nicholson,47,"Denver-Aurora-Lakewood, CO MSA",2018-04-06,surf,
168,1168,Shay,Weaver,58,"Milwaukee-Waukesha, WI MSA",2018-12-13,surf,
169,1169,Hai,Bean,67,"New York-Newark-Jersey City, NY-NJ-PA MSA",2018-12-06,surf,
170,1170,Olin,Adkins,18,"Pittsburgh, PA MSA",2018-09-25,surf,
171,1171,Devin,Wilkinson,56,"Boston-Cambridge-Newton, MA-NH MSA",2018-01-27,surf,
172,1172,Weldon,Robinson,72,"Boston-Cambridge-Newton, MA-NH MSA",2018-03-30,surf,2018-11-29
173,1173,Tristan,Cain,27,"Oxnard-Thousand Oaks-Ventura, CA MSA",2018-09-28,surf,
174,1174,Larisa,Ellis,67,"Cleveland-Elyria, OH MSA",2018-01-28,surf,
175,1175,Shiloh,Stafford,25,"New York-Newark-Jersey City, NY-NJ-PA MSA",2018-09-30,surf,
176,1176,Terrance,Shaffer,75,"New York-Newark-Jersey City, NY-NJ-PA MSA",2018-10-03,surf,
177,1177,Seymour,Anderson,33,"Seattle-Tacoma-Bellevue, WA MSA",2018-11-09,surf,
178,1178,Charlsie,Reid,53,"Cincinnati, OH-KY-IN MSA",2018-10-05,surf,
179,1179,Darcey,Baird,22,"Dallas-Fort Worth-Arlington, TX MSA",2018-04-27,surf,
180,1180,Wonda,Hays,24,"New York-Newark-Jersey City, NY-NJ-PA MSA",2018-12-01,surf,2018-12-22
181,1181,Ron,Kaufman,47,"New York-Newark-Jersey City, NY-NJ-PA MSA",2018-04-13,surf,
182,1182,Jeff,Burt,39,"Charlotte-Concord-Gastonia, NC-SC MSA",2018-05-29,surf,
183,1183,Jermaine,Gallegos,71,"Chicago-Naperville-Elgin, IL-IN-WI MSA",2018-07-20,surf,
184,1184,Fredric,Middleton,39,"Sacramento–Roseville–Folsom, CA MSA",2018-03-07,ultimate,
185,1185,Loria,Freeman,47,"Louisville/Jefferson County, KY-IN MSA",2018-01-14,ultimate,
186,1186,Josiah,Douglas,55,"Las Vegas-Henderson-Paradise, NV MSA",2018-12-22,ultimate,2018-12-31
187,1187,Tanner,Goodman,49,"Austin-Round Rock-Georgetown, TX MSA",2018-02-20,surf,
188,1188,Ethelene,Brock,31,"Richmond, VA MSA",2018-01-10,ultimate,
189,1189,Terrence,Smith,75,"Columbus, OH MSA",2018-09-24,surf,
190,1190,Troy,Hutchinson,56,"Virginia Beach-Norfolk-Newport News, VA-NC MSA",2018-08-01,ultimate,
191,1191,Zack,Waters,75,"St. Louis, MO-IL MSA",2018-01-21,ultimate,2018-11-30
192,1192,Korey,Goodwin,36,"Buffalo-Cheektowaga, NY MSA",2018-10-02,surf,
193,1193,Lacresha,Olsen,18,"Houston-The Woodlands-Sugar Land, TX MSA",2018-07-07,surf,
194,1194,Robert,Mclean,40,"San Jose-Sunnyvale-Santa Clara, CA MSA",2018-05-31,surf,
195,1195,Roy,Velez,60,"Portland-Vancouver-Hillsboro, OR-WA MSA",2018-06-09,surf,
196,1196,Noel,Dawson,46,"Los Angeles-Long Beach-Anaheim, CA MSA",2018-01-14,ultimate,
197,1197,Lon,Parker,56,"New York-Newark-Jersey City, NY-NJ-PA MSA",2018-11-05,surf,
198,1198,Russ,Horne,69,"New York-Newark-Jersey City, NY-NJ-PA MSA",2018-05-01,surf,
199,1199,Antonetta,Finley,39,"San Antonio-New Braunfels, TX MSA",2018-08-01,ultimate,
200,1200,Delmar,Cross,45,"Boston-Cambridge-Newton, MA-NH MSA",2018-11-27,surf,
201,1201,Jeanelle,Estrada,61,"Bridgeport-Stamford-Norwalk, CT MSA",2018-06-04,surf,
202,1202,Osvaldo,Mayer,36,"Minneapolis-St. Paul-Bloomington, MN-WI MSA",2018-09-30,ultimate,
203,1203,Manie,Grimes,50,"Boston-Cambridge-Newton, MA-NH MSA",2018-02-11,surf,
204,1204,Sherly,Levy,44,"Chicago-Naperville-Elgin, IL-IN-WI MSA",2018-08-20,ultimate,
205,1205,Rafael,Wade,43,"New York-Newark-Jersey City, NY-NJ-PA MSA",2018-04-05,surf,
206,1206,Angelic,Singleton,21,"Providence-Warwick, RI-MA MSA",2018-07-09,surf,
207,1207,Samuel,Porter,63,"Omaha-Council Bluffs, NE-IA MSA",2018-12-22,surf,
208,1208,Enrique,Ramirez,44,"San Diego-Chula Vista-Carlsbad, CA MSA",2018-07-17,surf,
209,1209,Garret,Paul,63,"Los Angeles-Long Beach-Anaheim, CA MSA",2018-08-28,surf,
210,1210,Shanae,Carrillo,30,"Oklahoma City, OK MSA",2018-06-01,surf,
211,1211,Vito,Cameron,60,"New York-Newark-Jersey City, NY-NJ-PA MSA",2018-06-30,ultimate,
212,1212,Alfredo,Pruitt,36,"Austin-Round Rock-Georgetown, TX MSA",2018-07-27,surf,
213,1213,Carl,Newman,47,"San Diego-Chula Vista-Carlsbad, CA MSA",2018-11-25,ultimate,
214,1214,Emil,Robles,34,"San Francisco-Oakland-Berkeley, CA MSA",2018-01-01,ultimate,
215,1215,Adelle,Knapp,70,"New York-Newark-Jersey City, NY-NJ-PA MSA",2018-07-01,surf,
216,1216,Reita,Atkins,29,"San Francisco-Oakland-Berkeley, CA MSA",2018-06-19,surf,
217,1217,Ned,Thomas,69,"Dayton-Kettering, OH MSA",2018-06-04,surf,
218,1218,Stanford,Pena,23,"Bakersfield, CA MSA",2018-01-16,surf,
219,1219,Gavin,Keller,51,"Detroit-Warren-Dearborn, MI MSA",2018-05-14,surf,
220,1220,Jack,Strong,26,"Cincinnati, OH-KY-IN MSA",2018-04-22,surf,2018-10-13
221,1221,Mckenzie,Wilkinson,18,"Boston-Cambridge-Newton, MA-NH MSA",2018-12-17,surf,
222,1222,Cleo,Anderson,18,"Los Angeles-Long Beach-Anaheim, CA MSA",2018-06-27,surf,
223,1223,Patience,Wilson,37,"Phoenix-Mesa-Chandler, AZ MSA",2018-07-05,surf,
224,1224,Kelly,Cole,74,"Atlanta-Sandy Springs-Roswell, GA MSA",2018-06-28,ultimate,
225,1225,Margarito,Barker,41,"Columbia, SC MSA",2018-06-07,surf,
226,1226,Denver,Harrell,64,"Riverside-San Bernardino-Ontario, CA MSA",2018-03-15,ultimate,
227,1227,Vanesa,Willis,29,"Dallas-Fort Worth-Arlington, TX MSA",2018-01-17,surf,
228,1228,Jude,Hale,26,"Detroit-Warren-Dearborn, MI MSA",2018-04-15,surf,
229,1229,Augustus,Barker,69,"Austin-Round Rock-Georgetown, TX MSA",2018-12-09,ultimate,
230,1230,Andre,Estes,38,"New York-Newark-Jersey City, NY-NJ-PA MSA",2018-02-27,ultimate,
231,1231,Gaylord,Witt,57,"San Jose-Sunnyvale-Santa Clara, CA MSA",2018-01-19,ultimate,
232,1232,Elidia,Russell,64,"Chicago-Naperville-Elgin, IL-IN-WI MSA",2018-04-07,surf,
233,1233,Janee,Perkins,33,"Atlanta-Sandy Springs-Roswell, GA MSA",2018-09-11,surf,
234,1234,Matt,Taylor,19,"Seattle-Tacoma-Bellevue, WA MSA",2018-09-12,ultimate,
235,1235,Felton,Nguyen,50,"Minneapolis-St. Paul-Bloomington, MN-WI MSA",2018-02-20,surf,
236,1236,Odell,Juarez,74,"Minneapolis-St. Paul-Bloomington, MN-WI MSA",2018-04-04,ultimate,
237,1237,Leighann,Wheeler,50,"New York-Newark-Jersey City, NY-NJ-PA MSA",2018-08-26,ultimate,
238,1238,Jackeline,Byrd,42,"Dallas-Fort Worth-Arlington, TX MSA",2018-06-16,surf,
239,1239,Quentin,Hancock,24,"Fresno, CA MSA",2018-08-11,surf,
240,1240,Drema,Lopez,61,"Baton Rouge, LA MSA",2018-03-18,surf,
241,1241,Lala,Walls,24,"Richmond, VA MSA",2018-08-27,surf,
242,1242,Lashunda,Johns,37,"San Antonio-New Braunfels, TX MSA",2018-06-02,surf,
243,1243,Isaias,Compton,71,"Phoenix-Mesa-Chandler, AZ MSA",2018-05-11,surf,
244,1244,Demarcus,Ellis,75,"Birmingham-Hoover, AL MSA",2018-02-05,surf,
245,1245,Quinn,David,30,"New York-Newark-Jersey City, NY-NJ-PA MSA",2018-06-19,surf,
246,1246,Stevie,Moran,69,"Tampa-St. Petersburg-Clearwater, FL MSA",2018-01-09,ultimate,2018-07-31
247,1247,Marion,Singleton,75,"Los Angeles-Long Beach-Anaheim, CA MSA",2018-04-12,ultimate,
248,1248,Leigha,Dawson,35,"Nashville-Davidson–Murfreesboro–Franklin, TN MSA",2018-11-01,surf,
249,1249,Kelly,Goodman,41,"Cincinnati, OH-KY-IN MSA",2018-05-14,ultimate,
250,1250,Milan,Sellers,57,"Houston-The Woodlands-Sugar Land, TX MSA",2018-04-03,ultimate,
251,1251,Tifany,Mcgee,45,"New York-Newark-Jersey City, NY-NJ-PA MSA",2018-01-01,surf,
252,1252,Mitsue,York,27,"Detroit-Warren-Dearborn, MI MSA",2018-06-10,surf,
253,1253,Sumiko,Dudley,28,"Cleveland-Elyria, OH MSA",2018-08-18,ultimate,
254,1254,Billy,Webb,49,"Detroit-Warren-Dearborn, MI MSA",2018-08-03,surf,
255,1255,Kennith,Rowland,22,"Oklahoma City, OK MSA",2018-08-01,ultimate,
256,1256,Johnny,Wise,53,"Chicago-Naperville-Elgin, IL-IN-WI MSA",2018-09-11,surf,
257,1257,Gabriel,O'donnell,61,"New York-Newark-Jersey City, NY-NJ-PA MSA",2018-01-29,surf,
258,1258,Kai,Russell,39,"Chicago-Naperville-Elgin, IL-IN-WI MSA",2018-07-12,surf,
259,1259,Etsuko,Perry,63,"Philadelphia-Camden-Wilmington, PA-NJ-DE-MD MSA",2018-03-16,surf,
260,1260,Alia,Aguilar,36,"Los Angeles-Long Beach-Anaheim, CA MSA",2018-12-02,surf,
261,1261,Dusti,Forbes,31,"Kansas City, MO-KS MSA",2018-02-22,surf,
262,1262,Michelina,Hamilton,34,"Dallas-Fort Worth-Arlington, TX MSA",2018-02-09,surf,
263,1263,Lucio,Duffy,39,"Boston-Cambridge-Newton, MA-NH MSA",2018-03-06,surf,
264,1264,Jessie,Hill,69,"Los Angeles-Long Beach-Anaheim, CA MSA",2018-05-03,ultimate,
265,1265,Alec,Henry,29,"Washington-Arlington-Alexandria, DC-VA-MD-WV MSA",2018-11-23,surf,
266,1266,Dorie,Chandler,62,"New York-Newark-Jersey City, NY-NJ-PA MSA",2018-12-13,surf,
267,1267,Gia,Parker,53,"St. Louis, MO-IL MSA",2018-03-12,surf,
268,1268,Britni,Bowers,33,"Fresno, CA MSA",2018-01-13,surf,
269,1269,Irving,Thompson,39,"Dallas-Fort Worth-Arlington, TX MSA",2018-09-13,ultimate,2018-12-15
270,1270,Anjelica,Chan,70,"Philadelphia-Camden-Wilmington, PA-NJ-DE-MD MSA",2018-09-18,ultimate,
271,1271,Darrin,Rose,48,"New York-Newark-Jersey City, NY-NJ-PA MSA",2018-06-24,surf,
272,1272,Ernest,Mercado,23,"Minneapolis-St. Paul-Bloomington, MN-WI MSA",2018-08-04,surf,
273,1273,Hermila,Ryan,25,"Baton Rouge, LA MSA",2018-10-13,ultimate,
274,1274,Dudley,Massey,53,"Philadelphia-Camden-Wilmington, PA-NJ-DE-MD MSA",2018-06-10,ultimate,
275,1275,Elvie,Velazquez,33,"New York-Newark-Jersey City, NY-NJ-PA MSA",2018-11-29,ultimate,
276,1276,Karmen,Carney,20,"Phoenix-Mesa-Chandler, AZ MSA",2018-02-14,surf,
277,1277,Andrew,Faulkner,25,"New York-Newark-Jersey City, NY-NJ-PA MSA",2018-02-02,surf,
278,1278,Masako,Montgomery,39,"Dayton-Kettering, OH MSA",2018-11-03,surf,
279,1279,Neal,Duke,27,"Baton Rouge, LA MSA",2018-02-05,ultimate,
280,1280,Jasper,Berry,29,"New York-Newark-Jersey City, NY-NJ-PA MSA",2018-06-23,surf,
281,1281,Zack,Hardy,39,"Charlotte-Concord-Gastonia, NC-SC MSA",2018-07-23,surf,2018-11-14
282,1282,Annice,Calhoun,61,"San Francisco-Oakland-Berkeley, CA MSA",2018-11-01,ultimate,
283,1283,Alan,Burgess,38,"Charleston-North Charleston, SC MSA",2018-06-16,ultimate,
284,1284,Yuri,Odom,51,"Dayton-Kettering, OH MSA",2018-09-07,surf,
285,1285,Joesph,Barry,28,"Los Angeles-Long Beach-Anaheim, CA MSA",2018-08-03,surf,
286,1286,Casie,Castaneda,52,"New Haven-Milford, CT MSA",2018-12-07,surf,
287,1287,Heide,Gill,74,"Sacramento–Roseville–Folsom, CA MSA",2018-03-15,surf,
288,1288,Jenette,Rush,60,"Las Vegas-Henderson-Paradise, NV MSA",2018-07-18,surf,
289,1289,Steve,Blair,47,"Detroit-Warren-Dearborn, MI MSA",2018-11-12,ultimate,
290,1290,Thaddeus,Compton,33,"New York-Newark-Jersey City, NY-NJ-PA MSA",2018-09-14,surf,
291,1291,Angeles,Mejia,65,"Indianapolis-Carmel-Anderson, IN MSA",2018-01-29,surf,
292,1292,Cassey,French,42,"Dallas-Fort Worth-Arlington, TX MSA",2018-01-27,surf,
293,1293,Lanny,Nolan,23,"Philadelphia-Camden-Wilmington, PA-NJ-DE-MD MSA",2018-08-13,surf,
294,1294,Demetrius,Russo,67,"New York-Newark-Jersey City, NY-NJ-PA MSA",2018-04-19,surf,
295,1295,Hung,Flowers,68,"Kansas City, MO-KS MSA",2018-08-11,surf,
296,1296,Weston,Conley,36,"Miami-Fort Lauderdale-West Palm Beach, FL MSA",2018-10-20,ultimate,2018-12-18
297,1297,Nicky,Tucker,51,"Los Angeles-Long Beach-Anaheim, CA MSA",2018-08-25,surf,
298,1298,Loyce,Cooley,53,"Nashville-Davidson–Murfreesboro–Franklin, TN MSA",2018-09-21,surf,2018-12-19
299,1299,Keitha,Harrison,64,"New York-Newark-Jersey City, NY-NJ-PA MSA",2018-01-19,surf,
300,1300,Rene,Frost,23,"New York-Newark-Jersey City, NY-NJ-PA MSA",2018-10-21,surf,2018-12-19
301,1301,Tomas,Horton,64,"Chicago-Naperville-Elgin, IL-IN-WI MSA",2018-01-04,ultimate,
302,1302,Leonila,Morris,62,"Rochester, NY MSA",2018-01-21,surf,
303,1303,Rosamaria,Reeves,67,"Detroit-Warren-Dearborn, MI MSA",2018-10-25,ultimate,
304,1304,Dominque,Cole,69,"Birmingham-Hoover, AL MSA",2018-10-28,ultimate,
305,1305,Gwenn,Gross,18,"Los Angeles-Long Beach-Anaheim, CA MSA",2018-05-08,surf,
306,1306,Darron,Craig,19,"Washington-Arlington-Alexandria, DC-VA-MD-WV MSA",2018-11-26,surf,
307,1307,Kristopher,Lang,28,"Boston-Cambridge-Newton, MA-NH MSA",2018-12-31,surf,
308,1308,Samara,Monroe,46,"Virginia Beach-Norfolk-Newport News, VA-NC MSA",2018-11-22,surf,
309,1309,Winfred,Zimmerman,19,"San Diego-Chula Vista-Carlsbad, CA MSA",2018-07-04,surf,
310,1310,Vincent,Fry,73,"Portland-Vancouver-Hillsboro, OR-WA MSA",2018-11-29,surf,
311,1311,Cherlyn,Saunders,69,"Memphis, TN-MS-AR MSA",2018-06-27,ultimate,
312,1312,Kory,Emerson,42,"Fresno, CA MSA",2018-01-26,surf,
313,1313,Antoine,Baker,49,"San Francisco-Oakland-Berkeley, CA MSA",2018-05-24,surf,
314,1314,Brice,Morgan,35,"Los Angeles-Long Beach-Anaheim, CA MSA",2018-03-06,ultimate,
315,1315,Mora,Schroeder,45,"Raleigh-Cary, NC MSA",2018-04-26,surf,2018-10-03
316,1316,Lucilla,Weeks,59,"Tulsa, OK MSA",2018-05-21,surf,
317,1317,Ruthanne,Heath,70,"Phoenix-Mesa-Chandler, AZ MSA",2018-11-11,ultimate,
318,1318,Huey,Walsh,54,"Atlanta-Sandy Springs-Roswell, GA MSA",2018-09-29,surf,
319,1319,Eliseo,Carson,21,"Colorado Springs, CO MSA",2018-06-17,surf,
320,1320,Bert,Wells,23,"Los Angeles-Long Beach-Anaheim, CA MSA",2018-02-23,surf,
321,1321,Karlyn,Jimenez,19,"North Port-Sarasota-Bradenton, FL MSA",2018-05-31,surf,
322,1322,Tyler,Sweeney,22,"Fresno, CA MSA",2018-06-18,surf,
323,1323,Pamelia,Atkins,42,"Baltimore-Columbia-Towson, MD MSA",2018-12-30,surf,
324,1324,Romana,Moore,18,"Minneapolis-St. Paul-Bloomington, MN-WI MSA",2018-04-04,surf,
325,1325,Cleora,Lyons,43,"Dallas-Fort Worth-Arlington, TX MSA",2018-06-26,surf,
326,1326,Johnathon,Branch,21,"Greensboro-High Point, NC MSA",2018-02-06,surf,
327,1327,Natosha,Peck,20,"New York-Newark-Jersey City, NY-NJ-PA MSA",2018-02-17,surf,
328,1328,Tamesha,Huber,20,"Minneapolis-St. Paul-Bloomington, MN-WI MSA",2018-02-10,surf,
329,1329,Doyle,Nunez,65,"Charleston-North Charleston, SC MSA",2018-08-25,ultimate,
330,1330,Tobi,Kinney,48,"Las Vegas-Henderson-Paradise, NV MSA",2018-11-06,ultimate,
331,1331,Lashandra,Ramos,54,"Dallas-Fort Worth-Arlington, TX MSA",2018-02-06,surf,
332,1332,Lucas,Saunders,37,"Atlanta-Sandy Springs-Roswell, GA MSA",2018-03-12,surf,
333,1333,Macy,David,57,"Los Angeles-Long Beach-Anaheim, CA MSA",2018-11-24,ultimate,
334,1334,Donovan,Horton,34,"Seattle-Tacoma-Bellevue, WA MSA",2018-03-08,surf,
335,1335,Gail,Coleman,61,"Dallas-Fort Worth-Arlington, TX MSA",2018-06-02,surf,
336,1336,Vance,Bradshaw,34,"Portland-Vancouver-Hillsboro, OR-WA MSA",2018-04-04,surf,
337,1337,Lucius,Arnold,31,"Riverside-San Bernardino-Ontario, CA MSA",2018-03-11,surf,
338,1338,Janise,Bowman,21,"Minneapolis-St. Paul-Bloomington, MN-WI MSA",2018-08-09,surf,
339,1339,Mariette,Mclean,27,"Charlotte-Concord-Gastonia, NC-SC MSA",2018-03-03,surf,
340,1340,Vanna,Stanton,65,"Dallas-Fort Worth-Arlington, TX MSA",2018-07-05,surf,
341,1341,Kaila,Andrews,28,"Chicago-Naperville-Elgin, IL-IN-WI MSA",2018-06-17,surf,
342,1342,Eugene,Patton,65,"Indianapolis-Carmel-Anderson, IN MSA",2018-10-21,surf,
343,1343,Teresia,Ewing,43,"Miami-Fort Lauderdale-West Palm Beach, FL MSA",2018-08-23,surf,
344,1344,Hugo,Daugherty,70,"New York-Newark-Jersey City, NY-NJ-PA MSA",2018-12-25,surf,
345,1345,Pasquale,Caldwell,26,"Los Angeles-Long Beach-Anaheim, CA MSA",2018-07-12,surf,
346,1346,Emmie,Gonzalez,59,"Tucson, AZ MSA",2018-04-26,ultimate,
347,1347,Trey,Lynch,65,"Charleston-North Charleston, SC MSA",2018-06-17,ultimate,
348,1348,Carl,Rutledge,60,"Detroit-Warren-Dearborn, MI MSA",2018-10-05,surf,
349,1349,Florentina,Diaz,69,"Boston-Cambridge-Newton, MA-NH MSA",2018-10-01,surf,
350,1350,Al,Rasmussen,29,"Atlanta-Sandy Springs-Roswell, GA MSA",2018-03-09,surf,
351,1351,Kyle,Grimes,47,"San Antonio-New Braunfels, TX MSA",2018-09-05,ultimate,
352,1352,Gavin,Galloway,48,"Seattle-Tacoma-Bellevue, WA MSA",2018-09-08,ultimate,
353,1353,Emerson,Whitfield,56,"North Port-Sarasota-Bradenton, FL MSA",2018-03-27,surf,
354,1354,Leonel,Dyer,41,"New York-Newark-Jersey City, NY-NJ-PA MSA",2018-08-24,ultimate,
355,1355,Digna,Tyson,57,"Los Angeles-Long Beach-Anaheim, CA MSA",2018-10-07,surf,
356,1356,Hae,Ryan,46,"Milwaukee-Waukesha, WI MSA",2018-05-16,surf,
357,1357,Ria,Beach,61,"Baton Rouge, LA MSA",2018-05-30,surf,
358,1358,Vaughn,Maldonado,20,"New York-Newark-Jersey City, NY-NJ-PA MSA",2018-04-26,surf,2018-10-22
359,1359,Sherley,Norris,33,"Colorado Springs, CO MSA",2018-02-08,surf,
360,1360,Arturo,Mullins,75,"Charlotte-Concord-Gastonia, NC-SC MSA",2018-09-20,surf,
361,1361,Jacelyn,Hoffman,45,"Birmingham-Hoover, AL MSA",2018-04-14,surf,
362,1362,Kenyetta,Mcknight,65,"Denver-Aurora-Lakewood, CO MSA",2018-01-18,surf,
363,1363,Sandee,Lott,33,"Seattle-Tacoma-Bellevue, WA MSA",2018-01-05,ultimate,2018-08-16
364,1364,Clarine,Bonner,75,"San Diego-Chula Vista-Carlsbad, CA MSA",2018-08-09,surf,
365,1365,Milford,Rush,19,"Grand Rapids-Kentwood, MI MSA",2018-02-09,surf,
366,1366,Rod,Huff,62,"Cincinnati, OH-KY-IN MSA",2018-07-30,surf,
367,1367,Minh,Fischer,18,"Baltimore-Columbia-Towson, MD MSA",2018-07-23,surf,
368,1368,Enola,Ray,60,"Pittsburgh, PA MSA",2018-05-20,ultimate,
369,1369,Bernard,Mckee,69,"Milwaukee-Waukesha, WI MSA",2018-10-06,surf,
370,1370,Nenita,Vasquez,49,"San Diego-Chula Vista-Carlsbad, CA MSA",2018-09-12,ultimate,
371,1371,Roderick,Slater,27,"Portland-Vancouver-Hillsboro, OR-WA MSA",2018-10-27,surf,
372,1372,Patria,Kim,26,"New York-Newark-Jersey City, NY-NJ-PA MSA",2018-10-08,surf,
373,1373,Lindsey,Dickerson,21,"Minneapolis-St. Paul-Bloomington, MN-WI MSA",2018-08-30,ultimate,
374,1374,Ching,Watts,55,"Louisville/Jefferson County, KY-IN MSA",2018-02-14,surf,
375,1375,Andy,Holden,69,"Philadelphia-Camden-Wilmington, PA-NJ-DE-MD MSA",2018-12-01,surf,
376,1376,Mika,Williams,58,"Columbia, SC MSA",2018-04-16,ultimate,
377,1377,Vallie,Conway,18,"Rochester, NY MSA",2018-03-27,surf,
378,1378,Mckinley,Clayton,22,"Denver-Aurora-Lakewood, CO MSA",2018-12-17,surf,
379,1379,Jarrett,Spencer,34,"Grand Rapids-Kentwood, MI MSA",2018-10-18,surf,
380,1380,Lajuana,Kelley,35,"San Jose-Sunnyvale-Santa Clara, CA MSA",2018-09-04,ultimate,
381,1381,German,Burris,44,"Austin-Round Rock-Georgetown, TX MSA",2018-08-30,surf,
382,1382,Luci,Kidd,49,"San Diego-Chula Vista-Carlsbad, CA MSA",2018-06-22,ultimate,
383,1383,Margarito,Mccoy,52,"Tampa-St. Petersburg-Clearwater, FL MSA",2018-10-10,ultimate,
384,1384,Dominique,Good,36,"Philadelphia-Camden-Wilmington, PA-NJ-DE-MD MSA",2018-06-09,ultimate,
385,1385,Nohemi,Erickson,52,"New York-Newark-Jersey City, NY-NJ-PA MSA",2018-01-19,surf,
386,1386,Jeni,Gilbert,30,"Seattle-Tacoma-Bellevue, WA MSA",2018-04-11,surf,
387,1387,Raymonde,Lowe,28,"Bridgeport-Stamford-Norwalk, CT MSA",2018-05-25,surf,
388,1388,Thu,Noel,75,"New York-Newark-Jersey City, NY-NJ-PA MSA",2018-03-28,ultimate,
389,1389,Earleen,Glass,18,"Miami-Fort Lauderdale-West Palm Beach, FL MSA",2018-05-06,ultimate,
390,1390,Deloras,Strickland,61,"Chicago-Naperville-Elgin, IL-IN-WI MSA",2018-03-11,ultimate,
391,1391,Errol,Cooke,52,"New York-Newark-Jersey City, NY-NJ-PA MSA",2018-09-11,ultimate,
392,1392,Gale,Mcfadden,34,"Seattle-Tacoma-Bellevue, WA MSA",2018-05-24,surf,
393,1393,Wilfredo,Rosa,44,"Knoxville, TN MSA",2018-10-29,surf,
394,1394,Alejandro,Carver,28,"Stockton, CA MSA",2018-01-16,surf,
395,1395,Leonard,Wooten,24,"New York-Newark-Jersey City, NY-NJ-PA MSA",2018-06-19,ultimate,
396,1396,Ardelia,Benton,65,"Salt Lake City, UT MSA",2018-06-01,surf,
397,1397,Willow,Steele,70,"Oklahoma City, OK MSA",2018-06-01,surf,
398,1398,German,Thompson,30,"Denver-Aurora-Lakewood, CO MSA",2018-10-22,surf,
399,1399,Leonila,Baird,24,"San Antonio-New Braunfels, TX MSA",2018-06-06,surf,
400,1400,Kenton,Hickman,72,"Riverside-San Bernardino-Ontario, CA MSA",2018-03-08,surf,
401,1401,Charmain,Bryant,67,"Richmond, VA MSA",2018-08-24,ultimate,
402,1402,Jesus,Berry,25,"New York-Newark-Jersey City, NY-NJ-PA MSA",2018-06-11,surf,2018-12-26
403,1403,Jae,Gardner,27,"Washington-Arlington-Alexandria, DC-VA-MD-WV MSA",2018-02-06,ultimate,
404,1404,Paulita,Conley,33,"New York-Newark-Jersey City, NY-NJ-PA MSA",2018-04-16,surf,
405,1405,Shella,Hunter,34,"Indianapolis-Carmel-Anderson, IN MSA",2018-06-22,ultimate,
406,1406,Noble,Jefferson,54,"San Diego-Chula Vista-Carlsbad, CA MSA",2018-03-04,surf,
407,1407,Tristan,Daugherty,27,"New York-Newark-Jersey City, NY-NJ-PA MSA",2018-11-29,ultimate,
408,1408,Alaine,Robertson,40,"Baltimore-Columbia-Towson, MD MSA",2018-01-11,surf,
409,1409,Elvis,Vargas,38,"Charlotte-Concord-Gastonia, NC-SC MSA",2018-10-04,ultimate,
410,1410,Wendell,Lloyd,46,"Los Angeles-Long Beach-Anaheim, CA MSA",2018-10-06,surf,
411,1411,Man,Fleming,64,"Rochester, NY MSA",2018-08-10,surf,
412,1412,Cortez,Reese,61,"Detroit-Warren-Dearborn, MI MSA",2018-04-08,ultimate,
413,1413,Andre,Hensley,38,"Bakersfield, CA MSA",2018-07-12,surf,
414,1414,Georgianne,Herring,30,"Urban Honolulu, HI MSA",2018-03-03,surf,2018-09-01
415,1415,Rosette,Mendez,56,"Boston-Cambridge-Newton, MA-NH MSA",2018-02-27,surf,
416,1416,Deja,Moss,25,"Minneapolis-St. Paul-Bloomington, MN-WI MSA",2018-10-03,surf,2018-11-21
417,1417,Jorge,Madden,51,"Minneapolis-St. Paul-Bloomington, MN-WI MSA",2018-06-22,ultimate,
418,1418,Hal,Barnes,40,"New York-Newark-Jersey City, NY-NJ-PA MSA",2018-01-19,surf,
419,1419,Bryon,Gordon,45,"Phoenix-Mesa-Chandler, AZ MSA",2018-03-29,surf,
420,1420,Season,Hardy,27,"San Francisco-Oakland-Berkeley, CA MSA",2018-02-22,ultimate,
421,1421,Zane,Hobbs,26,"Phoenix-Mesa-Chandler, AZ MSA",2018-05-18,surf,
422,1422,Georgianne,Huff,41,"Los Angeles-Long Beach-Anaheim, CA MSA",2018-04-03,ultimate,
423,1423,Malcom,Neal,61,"Philadelphia-Camden-Wilmington, PA-NJ-DE-MD MSA",2018-10-16,surf,
424,1424,Kasandra,Keith,51,"Virginia Beach-Norfolk-Newport News, VA-NC MSA",2018-07-24,ultimate,
425,1425,Latrisha,Larsen,19,"Las Vegas-Henderson-Paradise, NV MSA",2018-09-20,surf,
426,1426,Lamont,Conner,44,"San Francisco-Oakland-Berkeley, CA MSA",2018-07-09,ultimate,
427,1427,Zofia,Brock,64,"Washington-Arlington-Alexandria, DC-VA-MD-WV MSA",2018-01-26,ultimate,
428,1428,Asuncion,Conrad,66,"Phoenix-Mesa-Chandler, AZ MSA",2018-10-23,surf,
429,1429,Arianna,Rowe,36,"New York-Newark-Jersey City, NY-NJ-PA MSA",2018-12-22,surf,
430,1430,Myung,Pugh,63,"New York-Newark-Jersey City, NY-NJ-PA MSA",2018-12-07,surf,
431,1431,Napoleon,Burt,74,"Sacramento–Roseville–Folsom, CA MSA",2018-01-28,surf,
432,1432,Azucena,Goodwin,59,"Salt Lake City, UT MSA",2018-10-03,ultimate,
433,1433,Lyndon,Morrison,29,"Philadelphia-Camden-Wilmington, PA-NJ-DE-MD MSA",2018-08-29,ultimate,
434,1434,Kai,Barr,18,"New York-Newark-Jersey City, NY-NJ-PA MSA",2018-03-06,surf,
435,1435,Darnell,Powell,23,"Washington-Arlington-Alexandria, DC-VA-MD-WV MSA",2018-07-24,ultimate,
436,1436,Jennine,Kinney,69,"Philadelphia-Camden-Wilmington, PA-NJ-DE-MD MSA",2018-08-26,ultimate,
437,1437,Louis,Neal,42,"Dallas-Fort Worth-Arlington, TX MSA",2018-11-12,surf,
438,1438,Harvey,Brooks,36,"Orlando-Kissimmee-Sanford, FL MSA",2018-06-15,surf,
439,1439,Moses,Cabrera,28,"Riverside-San Bernardino-Ontario, CA MSA",2018-01-04,surf,
440,1440,France,Barrett,49,"Nashville-Davidson–Murfreesboro–Franklin, TN MSA",2018-04-16,surf,
441,1441,Piedad,Myers,23,"Atlanta-Sandy Springs-Roswell, GA MSA",2018-03-08,ultimate,2018-08-19
442,1442,Terrell,Caldwell,66,"New York-Newark-Jersey City, NY-NJ-PA MSA",2018-05-25,ultimate,
443,1443,Genaro,Quinn,58,"Atlanta-Sandy Springs-Roswell, GA MSA",2018-03-11,surf,
444,1444,Glinda,Dickerson,70,"New Haven-Milford, CT MSA",2018-06-20,surf,
445,1445,Elodia,Donovan,71,"Dallas-Fort Worth-Arlington, TX MSA",2018-01-27,ultimate,
446,1446,Pasquale,Ball,52,"Austin-Round Rock-Georgetown, TX MSA",2018-09-10,surf,
447,1447,Ramon,Hester,62,"Orlando-Kissimmee-Sanford, FL MSA",2018-05-01,surf,
448,1448,Elayne,Foley,33,"Urban Honolulu, HI MSA",2018-10-17,surf,
449,1449,Boyd,Kelley,39,"Seattle-Tacoma-Bellevue, WA MSA",2018-10-04,surf,
450,1450,Errol,Marquez,67,"Bakersfield, CA MSA",2018-06-16,ultimate,
451,1451,Lenard,Harding,53,"Charlotte-Concord-Gastonia, NC-SC MSA",2018-02-15,ultimate,2018-12-10
452,1452,Miguel,Sparks,32,"Tucson, AZ MSA",2018-12-29,surf,
453,1453,Robt,Tyler,51,"Los Angeles-Long Beach-Anaheim, CA MSA",2018-07-09,ultimate,
454,1454,Kymberly,Cohen,56,"San Antonio-New Braunfels, TX MSA",2018-05-30,ultimate,
455,1455,Jude,Fischer,20,"Denver-Aurora-Lakewood, CO MSA",2018-08-13,surf,
456,1456,Seymour,Olsen,66,"Minneapolis-St. Paul-Bloomington, MN-WI MSA",2018-06-02,ultimate,
457,1457,Janean,Lynch,47,"New York-Newark-Jersey City, NY-NJ-PA MSA",2018-02-17,surf,
458,1458,Joella,Munoz,32,"Detroit-Warren-Dearborn, MI MSA",2018-07-24,ultimate,
459,1459,Santos,Head,40,"San Francisco-Oakland-Berkeley, CA MSA",2018-04-27,ultimate,
460,1460,Winford,Underwood,46,"Fresno, CA MSA",2018-05-28,ultimate,
461,1461,Rupert,Santana,54,"Pittsburgh, PA MSA",2018-09-14,surf,
462,1462,Lesley,Workman,20,"Las Vegas-Henderson-Paradise, NV MSA",2018-09-05,ultimate,
463,1463,Dinorah,Simmons,30,"Atlanta-Sandy Springs-Roswell, GA MSA",2018-11-27,ultimate,
464,1464,Burt,Burke,70,"Providence-Warwick, RI-MA MSA",2018-11-07,surf,
465,1465,Arianna,Morrison,73,"Pittsburgh, PA MSA",2018-06-22,ultimate,
466,1466,Alphonse,Harmon,56,"Los Angeles-Long Beach-Anaheim, CA MSA",2018-01-26,surf,2018-09-17
467,1467,Nickolas,Deleon,64,"Atlanta-Sandy Springs-Roswell, GA MSA",2018-01-31,ultimate,2018-11-18
468,1468,Johana,Kim,55,"Denver-Aurora-Lakewood, CO MSA",2018-09-08,surf,
469,1469,Rory,Nixon,75,"New York-Newark-Jersey City, NY-NJ-PA MSA",2018-06-04,surf,
470,1470,Gerald,Reese,45,"Washington-Arlington-Alexandria, DC-VA-MD-WV MSA",2018-04-21,surf,
471,1471,Britni,Mitchell,59,"Richmond, VA MSA",2018-10-13,surf,
472,1472,Maximo,Mendoza,51,"San Francisco-Oakland-Berkeley, CA MSA",2018-04-10,surf,
473,1473,Kirk,Velez,61,"Louisville/Jefferson County, KY-IN MSA",2018-12-31,surf,
474,1474,Randee,Carpenter,26,"Bakersfield, CA MSA",2018-08-26,surf,
475,1475,Arlen,Sutton,66,"Dallas-Fort Worth-Arlington, TX MSA",2018-05-28,ultimate,
476,1476,Tammara,Dorsey,24,"Los Angeles-Long Beach-Anaheim, CA MSA",2018-06-10,ultimate,
477,1477,Magaly,Rivas,52,"Riverside-San Bernardino-Ontario, CA MSA",2018-08-24,ultimate,
478,1478,Elane,David,51,"Portland-Vancouver-Hillsboro, OR-WA MSA",2018-06-28,ultimate,
479,1479,Keesha,Burnett,44,"Riverside-San Bernardino-Ontario, CA MSA",2018-11-12,surf,
480,1480,Jasper,Buchanan,46,"St. Louis, MO-IL MSA",2018-12-13,surf,
481,1481,Roni,Frye,32,"Urban Honolulu, HI MSA",2018-12-27,surf,
482,1482,Armand,Glenn,70,"New York-Newark-Jersey City, NY-NJ-PA MSA",2018-01-01,ultimate,
483,1483,Miguel,Farrell,35,"Chicago-Naperville-Elgin, IL-IN-WI MSA",2018-04-25,surf,
484,1484,Delpha,Baldwin,46,"Dallas-Fort Worth-Arlington, TX MSA",2018-11-29,surf,
485,1485,Damion,Woodard,67,"Nashville-Davidson–Murfreesboro–Franklin, TN MSA",2018-08-21,surf,
486,1486,Sang,Solis,29,"Orlando-Kissimmee-Sanford, FL MSA",2018-12-05,surf,
487,1487,Elton,Simpson,18,"Cape Coral-Fort Myers, FL MSA",2018-08-16,ultimate,
488,1488,Shirley,Jones,29,"Baton Rouge, LA MSA",2018-05-15,surf,
489,1489,Londa,Jenkins,72,"Detroit-Warren-Dearborn, MI MSA",2018-05-24,surf,
490,1490,Shane,Cortez,42,"Sacramento–Roseville–Folsom, CA MSA",2018-01-20,ultimate,
491,1491,Terina,Jensen,22,"Grand Rapids-Kentwood, MI MSA",2018-04-27,surf,2018-09-18
492,1492,Elvie,Jones,63,"Portland-Vancouver-Hillsboro, OR-WA MSA",2018-03-07,surf,
493,1493,Cicely,Wynn,18,"Boston-Cambridge-Newton, MA-NH MSA",2018-03-06,ultimate,
494,1494,Preston,Downs,70,"New York-Newark-Jersey City, NY-NJ-PA MSA",2018-04-19,surf,
495,1495,Fidel,Sharpe,67,"New York-Newark-Jersey City, NY-NJ-PA MSA",2018-09-04,surf,
496,1496,Ariel,Shepherd,49,"New Orleans-Metairie, LA MSA",2018-02-20,surf,
497,1497,Donte,Barrera,49,"Los Angeles-Long Beach-Anaheim, CA MSA",2018-12-10,ultimate,
498,1498,Scot,Williamson,51,"New York-Newark-Jersey City, NY-NJ-PA MSA",2018-02-04,surf,
499,1499,Shena,Dickson,37,"Orlando-Kissimmee-Sanford, FL MSA",2018-05-06,surf,
